name,price,link
The Legacy Collection 43 Year Old The Lost Estate,"£1,200.00",https://www.whiskyshop.com/the-legacy-collection-43-year-old-the-lost-estate
Highland Park 56 Year Old,"£40,000.00",https://www.whiskyshop.com/highland-park-56-year-old
Glenlivet 40 Year Old,"£4,600.00",https://www.whiskyshop.com/glenlivet-40-year-old
Nikka Nine Decades 90th Anniversary,"£2,500.00",https://www.whiskyshop.com/nikka-nine-decades-90th-anniversary
Port Ellen 1981 42 Year Old The Recollection Series 3 #290,"£10,000.00",https://www.whiskyshop.com/port-ellen-1981-42-year-old-the-recollection-series-3-290
Glenlochy 1979 44 Year Old The Recollection Series 3 #3312,"£4,000.00",https://www.whiskyshop.com/glenlochy-1979-44-year-old-the-recollection-series-3-3312
North Port 1981 42 Year Old The Recollection Series 3 #2072,"£3,850.00",https://www.whiskyshop.com/north-port-1981-42-year-old-the-recollection-series-3-2072
Convalmore 1984 39 Year Old The Recollection Series 3 #1733,"£2,300.00",https://www.whiskyshop.com/convalmore-1984-39-year-old-the-recollection-series-3-1733
Imperial 1990 33 Year Old The Recollection Series 3 #9825,"£1,650.00",https://www.whiskyshop.com/imperial-1990-33-year-old-the-recollection-series-3-9825
Rosebank 1991 32 Year Old The Recollection Series 3 #2114,"£2,100.00",https://www.whiskyshop.com/rosebank-1991-32-year-old-the-recollection-series-3-2114
Glenglassaugh 51 Year Old The Serpentine #1723,"£10,635.00",https://www.whiskyshop.com/glenglassaugh-51-year-old-the-serpentine-1723
Glenglassaugh 50 Year Old The Serpentine #49,"£9,248.00",https://www.whiskyshop.com/glenglassaugh-50-year-old-the-serpentine-49
Glenglassaugh 49 Year Old The Serpentine #5640,"£8,330.00",https://www.whiskyshop.com/glenglassaugh-49-year-old-the-serpentine-5640
Glenglassaugh 48 Year Old The Serpentine #1863,"£7,505.00",https://www.whiskyshop.com/glenglassaugh-48-year-old-the-serpentine-1863
Macallan M Copper 2023,"£6,999.00",https://www.whiskyshop.com/macallan-m-copper-2023
The Charles Gordon Collection 56 Year Old The Long Marriage,"£4,000.00",https://www.whiskyshop.com/the-charles-gordon-collection-56-year-old-the-long-marriage
Glenfiddich Gran Reserva 21 Year Old, £183.00,https://www.whiskyshop.com/glenfiddich-gran-reserva-21-year-old
Digital Drams: Loch Lomond 2025,£20.00,https://www.whiskyshop.com/digital-drams-loch-lomond-2025
SPEY Trutina 10 Year Old,£72.00,https://www.whiskyshop.com/spey-trutina-10-year-old
SPEY Fumare Cask Strength,£65.00,https://www.whiskyshop.com/spey-fumare-cask-strength
SPEY Trutina Cask Strength,£60.00,https://www.whiskyshop.com/spey-trutina-cask-strength
SPEY Trutina,£49.00,https://www.whiskyshop.com/spey-trutina
Signatory Vintage Speyside (M) 2009 15 Year Old Small Batch #18,£57.00,https://www.whiskyshop.com/signatory-vintage-speyside-m-2009-15-year-old-small-batch-18
Ardnahoe Bholsa,£60.00,https://www.whiskyshop.com/ardnahoe-bholsa
